bfcb05d88d,15,96
7eb26b8485,0,180
cc8728052e,0,150
30fc77d72f,0,150
ae628f2cd4,0,150
0e0930474b,0,91
bb1c770fe7,0,150
08aa2705d5,0,180
1a95752aca,0,150
d927fae122,0,150
101caff7d4,0,96
1dec5446c8,0,180
3e38336da5,0,96
c37b17a4a9,0,180
e4004ee048,0,180
3adac8d7da,0,180
b3779a1962,90,96
fe6c244f63,0,66
3cc6f90cb2,0,92
fe58b48235,0,96
a22349e647,0,180
be9b29e08e,0,91
07353b2a89,0,150
ff97129478,0,144
b1457e3b5e,0,180
4e4e06a749,0,180
375a5c0e09,0,180
ca91c69e3b,0,71
e4e2983570,5,41
6abf0ba6b2,0,180
6c9d29d509,0,91
ad28f9b9d9,0,91
eaed1a87be,0,180
dd8636bd8b,0,180
e8073a140b,0,180
6b1b6ef28b,0,92
5316d11eb7,10,96
83ca8bcad0,0,180
fa4370d74d,0,180
145fdc3ac5,0,180
3064ad91e8,0,180
0b5b5e8e5a,15,96
ba3a775d7b,0,180
202b767bbc,0,92
1329409f2a,0,180
f6474735be,0,144
3a079fb484,0,180
b54278cd43,0,180
6135e27185,0,96
058a7592c8,0,96
e0be1f6e17,150,96
c62188c536,0,96
98fe7f0410,0,150
84be115c09,0,144
de2f35b2fd,35,91
9e4de40671,0,96
df59cfd91d,0,97
854c48b02a,0,96
d53b955f78,0,96
cf4376a52d,0,180
f6e501892c,45,96
7d18074fef,60,91
c44beb7472,0,180
4fded94004,0,180
4b54d2587f,0,180
1d3685150a,0,92
07cc1c7d74,0,180
57427393e9,95,96
f277c7a6a4,0,91
ca91e99105,50,46
5abe46ba6d,0,91
05d7715782,0,96
224e7c833e,0,96
c7bf937af5,0,91
5eec4d9fe5,0,96
9eadcea74f,0,180
14f9bd22b5,0,180
686dafaac9,0,144
74ec2b3073,0,91
b941aef1a0,0,144
a77b7a91df,0,150
69f0af42a6,0,97
3ab807ded6,65,96
3150b2ee57,0,180
f3325c3338,0,180
2f17e4fc1e,20,96
8b91036e5c,0,144
d973b31c00,0,144
a174e8d989,0,91
383bb93111,0,91
4fffec8479,55,96
cec41ad4f4,0,180
9893a3cf77,0,97
fb23455a7f,0,150
b8aaa59b75,0,92
9c3bc2e2a7,0,96
bbe0256a75,0,180
2f53998171,35,96
9a84ccf6a7,0,150
df3c430c24,0,91
365b0501ea,0,92
c52bce43db,0,66
8eb0d315c1,0,91
3f0b0dfddd,0,96
079049275c,0,144
466ba4ae0c,0,180
fb4e6062f7,0,180
2c44bb6d1c,150,96
7a446a51e9,0,91
3db0d6b07e,0,96
df0638b0a0,0,46
ad3fada9d9,0,180
a0071ae316,0,96
aa6287bb6c,30,96
07b6e8fda8,120,46
9198cfb4ea,0,180
74ef677020,0,96
aa175e5ec7,0,96
44b5ece1b9,0,180
0bd864064c,0,158
a4bac06849,0,91
8ec3065ec2,0,180
728cda9b65,0,86
8c9ccfedc7,0,91
693cbf0c9d,0,180
04d62d9d98,65,96
6ade215eb0,0,96
f0c34e1213,0,92
23993ce90d,0,180
3735480d18,0,180
d154e3388e,0,96
946d71fb5d,0,96
f6fe8c90a5,0,180
40f4026bf5,0,144
7e6d1cc1f4,0,180
92ebab216a,0,180
b493c25c7f,0,180
f14409b6a3,0,180
91b67d58d4,0,180
7ecd1f0c69,0,96
75172d4ac8,0,96
79e9db913e,0,180
b8f34cf72e,0,91
462b22f263,0,96
b2b0baf470,0,180
77eea6845e,0,96
36f5cc68fd,65,91
cd47a23e31,0,92
99c6b1acf2,75,96
6fdf1ca888,0,150
96825c4714,10,81
8ca6a4f60f,0,96
217bae91e5,0,180
d6eed152c4,0,180
b6e9ec577f,0,91
63fff40b31,0,180
2000c02f9d,0,180
22d9f5ab0c,0,180
f4377499c2,0,150
8792c193a0,0,96
d8596701b7,0,144
d107a1457c,65,61
fdc6e3d581,0,91
7ca6843a72,0,180
4e752f8075,0,180
89c802ff9c,0,96
b22099b419,0,180
6a078cdcc7,0,144
aedd71f125,0,180
4bc8c676bb,150,96
93e85d8fd3,0,180
0ffcdb491c,0,96
1de4a9e537,0,97
4db117e6c5,0,91
895cbf96f9,0,180
d1802f69f8,0,150
ed8f814b2b,0,92
83de906ec0,0,180
83ce590d7f,0,180
5bddc3ba25,0,180
13adaad9d9,0,180
c9734b451f,0,92
755bd1fbeb,0,96
bdccd69dde,0,96
d343d4a77d,0,150
1a6c0fbd1e,0,144
288c117201,0,150
64f55f1478,0,150
bf5374f122,0,180
3c700f073e,0,180
747c44785c,0,81
73e1852735,0,150
256ad2e3fc,0,180
90118a42ee,0,96
c42917fe82,0,86
adc648f890,0,150
346aacf439,0,180
61ed178ecb,0,61
f5966cadd2,0,180
f1ec5c08fa,0,97
b964c57da4,70,96
c6e55c33f0,30,96
1f2609ee13,0,180
9c404cac0c,0,180
9a9c0e15b7,15,96
9a2f2c0f86,10,81
0f17fa6fcb,0,180
1a359a6c1a,0,150
fc96cda9d8,0,150
614e7078db,55,96
7b5388c9f1,0,180
d0c65e9e95,0,180
9533fc037c,0,96
92a28cd233,0,71
4d983cad9f,0,180
7136a4453f,0,180
59623ec40b,0,91
91be106477,0,91
175169edbb,0,144
b24fe36b2a,0,150
8d87897d66,0,91
0dab85b6d3,0,144
34a5ece7dd,0,144
58fc75fd42,0,87
1295e19071,0,96
daebc12b77,0,150
1f1a2a9fc0,60,86
f119bab27d,0,150
f991ddb4c2,0,96
920c959958,0,150
f2b83d5ce5,0,180
0a7b27fde9,0,180
453b65daa4,0,180
8ef595ce82,0,150
eb383cb82e,0,91
4783d2ab87,0,96
43a6c21f37,0,150
5ede9767da,0,144
ce712ed3c9,80,91
c053e35f97,0,91
569c282890,5,86
a99738f24c,70,91
d7157a9f44,0,46
dbdc3c292b,0,180
a2bdaff3b0,0,91
47354fab09,0,180
e65f134e0b,0,150
f22d21f1f1,0,144
f9daf64494,0,180
c760eeb8b3,0,144
4fa9c30a45,0,180
c2a35c1cda,0,96
f1af214222,0,97
15f67b0fab,0,180
c7637cab0a,0,150
3355e056eb,0,180
9fc5c3af78,0,150
6316faaebc,0,97
161eb59aad,0,96
b70a5a0d50,0,180
a412bb2fef,0,180
cec3415361,0,150
a5b77abe43,0,180
115ee1072c,0,91
ee3f509537,0,150
51f384721c,15,76
f5bddf5598,0,91
8b52fb5fba,0,91
c14826ad5e,0,180
a5eaeac80b,0,180
b9b6bdde0c,0,180
8ba782192f,0,180
01c3111683,0,180
796e6762ce,0,180
b63094ba0c,0,180
ae9cd16dbf,0,46
6b1e04d00d,0,180
40a96c5cb1,0,96
59fe33e560,0,180
c8a46ff0c8,0,150
b6b8d502d4,0,150
95f74a9959,0,180
24ab0b83e8,0,180
322b237865,0,92
ffb904207d,0,180
82c1517708,0,91
65e9825801,0,180
1e1e42529d,0,76
b0cca8b830,0,180
f7e5b84928,20,96
c5b6da8602,0,96
c8c8b28781,0,180
30dbdb2cd6,35,91
4f601d255a,0,150
12ad198c54,0,144
1a8afbad92,0,92
732626383b,5,87
967b90590e,0,144
3649228783,0,150
f7b7cd5f44,5,81
acbf581760,0,180
ea4a01216b,0,180
e16945b951,0,46
fd7af75f4d,0,150
992bd0779a,0,180
0c3a04798c,0,96
e3d60e82d5,0,46
3d8997aeb6,20,96
5a50640995,0,180
feda5ad1c2,0,180
582d463e5c,0,180
8ecf51a971,0,150
39f6f6ffb1,0,180
579393912d,0,180
ce25872021,0,97
bfe262322f,0,87
4f35be0e0b,0,96
3504df2fda,0,96
49058178b8,0,46
06ee361788,0,91
7d83a5d854,0,150
fb08c64e8c,0,180
b7c2a469c4,0,180
731b825695,0,144
78d3676361,0,91
a3f4d58010,0,180
bd7e02b139,0,96
62ad6e121c,5,87
6353f09384,0,180
e674510b20,40,91
b9d3b92169,0,180
e436d0ff1e,0,180
540850e1c7,100,96
e2fcc99117,0,91
a31fccd2cc,0,180
d5b6c6d94a,100,96
bd3ec46511,0,91
c279e641ee,0,96
b06ed37831,200,96
571ca79c71,0,91
b1399fac64,0,180
ef65268834,0,180
2b88561cf2,0,144
2263a8782b,0,180
d0483573dc,0,150
c922365dd4,0,96
f46c2d0a6d,0,180
6cccc985e0,0,96
e75a466eea,0,72
50cce40173,0,180
5fee2570ae,0,180
8744b861ce,0,96
fdb28d0fbb,0,150
bfd8f6e6c9,0,92
b19b3e22c0,0,180
b24f600420,0,97
e39e3e0a06,0,96
9bebf1b87f,0,158
848e7835a0,120,96
0444918a5f,155,96
92b5c1fc6d,0,144
aef3e2cb0e,0,180
fe985d510a,0,144
8f5d3622d8,20,96
d42c0ff975,0,180
17c7bcd146,0,96
598935ef05,0,46
cc892997b8,0,180
73eac9156b,0,180
16288ea47f,0,180
9101ea9b1b,55,96
869fa45998,0,91
81a58d2c6b,0,150
a378053b20,0,144
9e6319faeb,0,96
6a5de0535f,0,180
2038987336,0,150
c9188f4980,0,180
6b17c67633,0,180
72d8dba870,0,180
31bbd0d793,0,91
f46f7a0b63,0,180
767856368b,0,92
9bccfd04de,0,96
07652ee4af,0,150
895e8b29a7,0,91
85ab85510c,0,180
0866d4c5e3,0,91
d9010348a1,15,66
ed844e879f,0,150
b26b219919,0,96
2be06fb855,0,96
a65bd23cb5,0,150
6ba99cc41f,0,91
99dc8bb20b,0,180
70c3e97e41,0,180
a5cd17bb11,0,180
34fbee00a6,0,150
e7784ec8ad,0,180
301f72ee11,0,92
de37403340,0,180
a09c39472e,0,144
b5a09a83f3,65,71
17d18604c3,0,96
3efc6e9892,0,92
a2554c9f6d,35,46
e845994987,0,150
83d3130ba0,0,36
58045fde85,15,96
d45f62717e,0,180
e88b6736e4,0,180
4eb6fc23a2,0,180
0379ddf557,0,180
0f9683715b,185,96
a0bc6c611d,0,180
c4ff9b4885,0,150
191e74c01d,0,150
0700264286,0,96
013099c098,0,91
c304dd44d5,0,180
762e1b3487,0,96
49ec3e406a,0,91
c7c2860db3,0,180
4894b3b9ea,0,180
5352c4a70e,0,180
3beef45388,0,96
e63463d8c6,70,96
0d9cc80d7e,0,51
e3f4635e03,0,180
0693719753,0,150
d699d3d798,0,91
1f3876f8d0,0,144
16afd538ad,0,150
83424c9fbf,0,180
dd601f9a3f,0,144
b673e7dcfb,0,96
6363c87314,0,180
f46c364dca,0,180
0d2fcc0dcd,0,96
e3d5b2cd21,0,150
baedae3442,0,180
ec1299aee4,0,97
e415093d27,0,71
13870016f9,0,92
68cc4a1970,0,96
834b50b31b,0,180
e1e957085b,0,96
eeed0c7d73,0,87
df96aa609a,0,180
29de7b6579,0,150
02668dbffa,0,150
98ac6f93d9,0,150
7151c53b32,0,150
307444a47f,0,180
c15b922281,0,180
09a6841288,0,96
53c30110b5,0,96
7eb2605d96,0,91
dfdbf91a99,0,180
63936d7de5,0,96
3ae81609d6,0,144
96fbe5fc23,0,150
4d26d41091,200,96
2cd01cf915,0,180
ae13ee3d70,0,180
a3c502bec3,0,180
4d5c23c554,0,180
3cd5e035ef,0,180
a9804f2a08,0,91
7f559f9d4a,0,144
94a33abeab,0,91
4536c882e5,0,180
8929c7d5d9,0,180
1471274fa7,0,76
bcc5d8095e,0,96
59a6459751,0,180
16fe9fb444,0,91
bd96f9943a,0,180
23f404a9fc,110,96
768802b80d,0,180
420caf0859,0,56
caeb6b6cbb,0,150
f9b6217959,0,91
a3f51855c3,0,150
fb81157a07,0,180
fd77828200,0,180
318dfe2ce2,0,144
e97cfac475,185,96
64a43876b7,90,96
4b02c272b3,0,180
2f7e3517ae,0,91
792218456c,0,180
86d3755680,0,180
d2857f0faa,0,180
1ca240fede,0,96
6377809ec2,0,180
9a3570a020,0,180
6a80d2e2e5,0,96
d0696bd5fc,0,91
95b58b8004,0,150
d9edc82650,0,150
3ed3f91271,0,76
b50f4b90d5,0,180
88f345941b,0,180
93e811e393,0,180
7dd409947e,0,180
a83d06410d,0,150
15abbe0c52,0,150
ba795f3089,0,96
6b9c43c25a,0,180
12156b25b3,0,180
0274193026,0,144
c3b3d82e6c,0,180
46146dfd39,0,92
6adb31756c,0,180
21df87ad76,0,96
e128124b9d,0,87
f0a7607d63,0,180
7c649c2aaf,0,180
4cff5c9e42,0,180
4122aba5f9,0,180
3ef2fa99cb,0,180
1171141012,0,150
7d18c8c716,0,96
d991cb471d,0,180
1917b209f2,0,91
abbe73cd21,0,150
45a89f35e1,0,180
3f4f3bc803,0,150
c44676563f,0,180
5f29ced797,0,96
2ba621c750,0,150
a14f709908,0,180
920329dd5e,0,180
f4daa3dbd5,15,96
cb3f22b0cf,0,96
bec5e9edcd,0,180
d6ac0e065c,0,91
08feb87790,230,96
97eb642e56,80,96
f46184f393,0,144
5914c30f05,0,96
9276f5ba47,0,150
ebe56e5ef8,0,180
b0f5295608,55,96
79fcbb433a,0,150
38eb2bf67f,0,92
b58d853734,0,180
89379487e0,0,96
ed3cd5308d,0,180
29f2332d30,0,144
0248626d9a,0,91
c965afa713,0,144
ced7705ab2,0,144
6b2261888d,0,96
8b3645d826,0,96
c8c7b306a6,0,91
de74a601d3,0,180
6942f684ad,10,96
05aa652648,0,150
851f2f32c1,55,91
18b245ab49,0,91
b4807569a5,0,97
836ea92b15,0,90
69340faa52,55,96
ce2776f78f,0,180
05774f3a2c,0,180
282b0d51f5,0,96
659832db64,0,180
b8fb75864e,0,150
082900c5d4,55,96
2ac9ef904a,0,46
88b8274d67,0,180
5110dc72c0,0,180
3d5aeac5ba,0,180
c18e19d922,0,180
ee947ed771,0,96
5aba1057fe,0,180
dc504a4f79,0,92
cdd57027c2,40,96
9b997664ba,0,180
ad65ebaa07,0,144
cdcfe008ad,0,144
54e8867b83,0,180
84696b5a5e,0,96
8f1600f7f6,0,91
600803c0f6,0,180
c7030b28bd,0,96
ce1bc5743a,0,150
0155498c85,0,180
04667fabaa,0,180
68a2fad4ab,0,180
d01608c2a5,200,96
25d2c3fe5d,0,180
58b9bcf656,0,96
0f6c2163de,0,144
e98d57d99c,0,91
1da256d146,0,91
e676107765,0,150
b7f31b7c36,0,61
79921b21c2,0,150
9467c8617c,0,96
0738493cbf,0,87
4e7a28907f,25,66
48d83b48a4,0,91
5161e1fa57,0,180
d7135cf104,0,180
6846ac20df,0,96
5edda6ee5a,0,180
6dd36705b9,0,131
9a02c70ba2,0,96
3bb4e10ed7,0,144
8eddbab9f7,0,91
f788a98327,0,91
524cee1534,5,96
3fd96c5267,45,91
ab199e8dfb,0,96
d05279c0bd,0,180
ef6359cea3,0,96
b1fc9c64e1,0,96
f470b9aeb0,0,180
3cadbcc404,0,96
5de9b90f24,0,61
ca4b99cbac,0,96
ea345f3627,0,91
e22de45950,0,96
ba5e1f4faa,0,150
827cf4f886,0,91
6da21f5c91,0,180
322505c47f,0,180
5e886ef78f,0,96
72690ef572,0,46
4a3471bdf5,15,96
7d0ffa68a4,0,96
2f710f66bd,0,180
4182d51532,25,96
b7fb871660,0,51
49405b7900,0,180
2117fa0c14,0,180
91ca7dd9f3,0,144
de36b216da,0,96
9d407c3aeb,0,96
bcc241b081,0,91
37d4ae24fc,0,96
b9004db86c,0,180
fc28cb305e,0,97
fcfd81727f,0,96
de4ddbccb1,0,180
541d7935d7,0,180
4607f6c03c,0,91
c325c8201e,0,96
675ed3e1ca,0,144
8056117b89,0,150
5c44bf8ab6,0,180
ff692fdc56,0,180
c2b62567c1,0,96
b05ad0d345,0,96
40709263a8,0,81
3802d458c0,0,150
1ee0ac70ff,0,87
5a75f7a1cf,0,96
952633c37f,100,96
13f6a8c20d,0,144
5e35512dd7,0,180
8bf84e7d45,0,180
edbfdfe1b4,0,180
d8aee40f3f,0,144
af5fd24a36,0,150
5bab55cdbe,0,180
d072fda75b,0,178
5ef5860ac6,0,144
4beaea4dbe,0,180
fbfd25174f,0,96
208833d1d1,0,180
3e7d2aeb07,0,96
3d69fed2fb,0,96
2f53822e88,0,144
909dbd1b76,0,180
d48ebdcf74,0,180
6848e012ef,0,96
7aecf9f7ac,0,150
2a18873352,0,92
695b61a2b0,45,96
1a6f3b5a4b,110,96
6d7a3d0c21,10,96
1336440745,0,180
b1d7c03927,0,91
cae7ef3184,0,180
fc33b1ffd6,0,150
cea7697b25,25,96
53143511e8,0,180
b24af1c35c,0,180
999d53d841,0,150
536b17bcea,0,180
6c81b014e9,15,96
644081b88d,0,144
634058dda0,0,144
8953138465,0,180
5cbf7dc388,0,180
42eb5a5b0f,0,180
24440e0ac7,0,97
ce7dbeaa88,0,180
3c8320669c,0,180
abe61a11bb,0,180
75cae39a8f,0,180
91634ee0c9,0,91
9584092d0b,0,91
9d15f8cb3c,0,180
b554843889,0,150
d55cb7a205,0,92
91bb8df281,0,150
691a111e7c,0,180
3543d8334c,0,180
77e7f38f4d,0,144
d535bb1b97,0,92
c7cef4aee2,0,91
d632fd3510,0,144
7b0fd09c28,140,96
650b0165e4,0,180
9ddefc6165,0,180
8b99a77ac5,0,180
5c7668855e,0,92
272f4163d0,0,180
85e081f3c7,0,150
01c76f0a82,0,96
fcd20a2509,0,180
85b1eda0d9,0,92
6caeb928d6,0,180
1705796b02,0,96
16d1d65c27,0,180
19c00c11f9,0,150
4ca2ffc361,0,92
b30bf47bcd,0,180
12ec9b93ee,0,180
e57f4f668b,0,180
9a767493b7,0,180
c69689f177,0,180
7f838baf2b,0,180
3decd63d88,0,180
f1d99239eb,0,66
60c61cc2e5,0,180
f2f55d6713,0,180
d38bc77e2c,95,101
6dfe55e9e5,0,150
e6387bd1e0,0,180
692eb57b63,0,180
afcb331e1f,0,96
5e4849935a,0,144
c31fa6c598,0,180
efea4e0523,0,144
092e4ff450,0,180
8ca1af9f3c,0,150
ef5dde449d,0,180
ff204daf4b,0,96
0e621feb6c,0,180
5f32cf521e,0,150
e5fde1574c,0,92
71caded286,0,150
5b1df237d2,0,180
bea83281b5,0,92
d292a50c7f,0,46
197f3ab6f3,0,180
e828dd02db,0,150
319f725ad9,0,180
6bf584200f,0,180
a4a506521f,0,180
ec4186ce12,145,95
bb721eb9aa,80,96
ce9b015a5e,0,180
5d1e24b6e3,70,81
838eb3bd89,0,180
f7a8521432,0,180
720e7a5f1e,0,91
2a559dd27f,0,96
ef5e770988,0,144
9268e1f88a,0,180
4b19c529fb,5,96
46630b55ae,0,56
2680861931,0,96
e22ddf8a1b,0,180
0044fa5fba,0,87
c64035b2e2,0,150
3a4e32ed5e,0,180
9a39112493,0,180
a9c9c1517e,0,178
5e4ee19663,15,96
219057c87b,0,150
6b3a24395c,0,150
e42d60f0d4,0,180
f2445b1572,0,150
c3b0c6e180,0,96
8aca214360,0,180
1724db7671,0,144
abab2e6c20,0,180
6c623fac5f,0,36
3026bb2f61,0,180
c71f30d7b6,0,180
89986c60be,0,180
30a20194ab,0,144
0355e92655,0,92
4da0d00b55,0,144
a06722ba82,0,96
ad573f7d31,0,96
ba1f03c811,195,96
75b09ce005,0,96
1903f9ea15,0,96
1bbc4c274f,20,96
a4ba7753d9,0,180
eda8ab984b,0,180
d429c67630,0,180
e71629e7b5,0,96
cad5a656a9,0,180
e7ea10db28,0,150
d73a60a244,0,180
41059fdd0b,0,180
6a37a91708,165,71
92c46be756,0,180
a21ffe4d81,0,150
b871db031a,5,66
7c73340ab7,0,91
3cdf828f59,0,180
8def5bd3bf,0,96
38c9c3d801,0,180
d0acde820f,0,96
8ea6687ab0,0,180
614afe7975,0,150
98911292da,0,180
de46e4943b,0,96
c3edc48cbd,0,180
374b479880,0,97
1e1a18c45a,0,180
f1ba9e1a3e,0,180
e3e4134877,0,150
1c9f9eb792,0,180
6c56848429,0,96
189ac8208a,0,91
562d173565,0,150
ef0061a309,25,96
54a4260bb1,0,150
5c021681b7,0,96
aa07b7c1c0,0,180
733798921e,0,150
952058e2d0,0,92
8dea22c533,0,180
e2ea25542c,0,144
61cf7e40d2,0,96
054acb238f,0,180
6f67d7c4c4,0,180
ea5672ffa8,0,81
f635e9568b,0,180
a907b18df1,0,150
e41ceb5d81,0,180
2c5537eddf,0,180
83daba503a,0,144
9c29c047b0,0,91
1ab27ec7ea,0,56
b4d0c90bf4,0,91
6acc6049d9,0,96
5b1001cc4f,0,180
9108130458,0,150
2f5b0c89b1,0,180
c27adaeac5,0,180
784398620a,0,71
8c0a3251c3,0,180
43b5555faa,0,180
567a2b4bd0,0,180
256dcc8ab8,0,180
85f75187ad,0,96
5519b4ad13,0,86
18ac264b76,0,150
b37c01396e,0,180
4620e66b1e,0,150
466839cb37,0,91
cb35a87504,0,150
96fb88e9d7,110,96
22b13084b2,0,180
50efbe152f,0,180
2f96f5fc6f,0,180
d689658f06,0,180
b7d69da8f0,0,144
9153762797,0,180
d6917db4be,0,96
07177017e9,0,86
238b84e67f,0,96
c61fe6ed7c,105,96
307bbb7409,0,91
893f658345,0,144
bbaa9a036a,0,144
83a8151377,0,180
90d300f09b,0,180
e424653b78,0,96
2383d8aafd,0,144
7e7cdcb284,0,144
57c010175e,0,180
578f211b86,0,180
76693db153,10,51
629995af95,0,150
bb04e28695,0,96
c01faff1ed,0,180
268ac7d3fc,0,180
3e3e4be915,55,96
30085a2cc6,0,96
5675d78833,0,144
6c54265f16,0,92
a6027a53cf,0,180
84d95c4350,0,180
2efb07554a,0,180
ba8a291e6a,0,150
003234408d,0,180
c0f5b222d7,140,96
d69f757a3f,0,180
a0b208fe2e,0,91
f22648fe12,0,180
4ae13de1cd,0,91
2f724132b9,0,91
a6470dbbf5,0,150
ead5d3835a,20,96
36299c687c,0,96
d87160957b,0,144
ed3291c3d6,0,180
cbb410da64,0,91
10b31f5431,0,180
8175486e6a,115,96
479f5d7ef6,40,96
9a3254a76e,0,92
5bf23bc9d3,0,180
f94aafdeef,0,180
da0e944cc4,0,180
94209c86f0,0,180
621584cffe,0,180
6c23d89189,0,61
6c99ea7c31,0,92
285580b7c4,0,180
dfc0d3d27a,0,180
df01f277f1,0,180
204a90d81f,0,150
1b43fa74b4,0,150
3db907ac77,0,180
4fdfef4dea,0,91
82b865c7dd,0,180
a35e0206da,0,180
f09d74856f,0,150
94bf1af5e3,0,144
e44e0b4917,0,180
9955b76bf5,0,91
16e8599e94,0,180
28f4a45190,0,150
f5e2e7d6a0,0,96
8b473f0f5d,0,180
7828af8bff,0,180
0e27472bea,0,180
a16062456f,0,180
67cfbff9b1,0,180
d367fb5253,0,91
0f6072077b,0,91
260846ffbe,0,180
1514e3563f,0,180
e90c10fc4c,0,150
750be4c4d8,50,96
7cec7296ae,0,46
29d779f9e3,220,76
62d6ece152,0,91
8a31f7bca5,0,96
f4207ca554,0,180
45bf0e947d,0,150
358bf16f9e,0,96
2c11fedca8,0,56
26f7784762,0,180
2023b3ee4f,0,180
878a299541,0,144
c9b3a8fbda,0,150
8f16366707,0,96
b62c943664,0,96
b9bcb3e0f2,0,96
4164faee0b,0,180
cd5ae611da,0,96
d123d674c1,210,66
566cef4959,0,91
0f202e9852,0,91
7ba3ce3485,0,96
aa27d7b868,185,96
f2f333ad06,0,96
0cd7ac0ac0,0,150
5031d5a036,0,180
01082ae388,0,150
962781c601,0,180
b9166cbae9,0,92
5ac7c88d0c,0,180
70405185d2,0,180
733824d431,0,150
2d4333577b,0,180
59b175e138,0,96
78c7c03716,0,91
b96c57d2c7,0,144
298c844fc9,0,91
011ac0a06f,0,180
625817a927,0,180
0a2f2bd294,0,96
13ae097e20,0,180
ecae59b782,0,180
ab90f0d24b,0,180
e76c55933f,0,150
203594a418,0,180
ba98512f97,0,92
1dfbe6f586,0,150
3193da4835,0,91
ac31fcd6d0,135,91
c307f33da2,200,96
f714160545,0,144
06840b2bbe,0,91
caa8e97f81,0,96
125d1b19dd,0,180
7666351b84,0,96
b5ebb1d000,0,96
ea16d3fd48,0,180
c219d6f8dc,0,150
18bad52083,0,180
fa8b904cc9,0,92
5b263013bf,0,91
104f1ab997,0,91
9773492949,0,96
b0df7c5c5c,0,96
c9c3cb3797,0,91
20c6d8b362,0,46
05ffcfed85,0,180
feb1080388,0,180
69e0e7b868,0,180
185bf64702,20,96
f46fe141b0,0,91
8ee2368f40,0,180
eb6992fe02,0,150
6b79be238c,0,92
c70682c7cc,0,180
707bf4ce41,0,87
20142b2f05,0,180
fe3c02699d,0,144
e2bef4da9a,0,96
e6f065f2b9,0,96
e0f217dd59,0,91
8b518ee936,0,92
ddcd450d47,0,144
d9b63abc11,0,180
ff66152b25,0,180
27cf2af1f3,0,150
1187bbd0e3,0,96
c6a12c131f,0,51
587250f3c3,0,180
b220939e93,0,96
34b109755a,0,180
683de643d9,0,180
79e20fc008,0,96
504dd9c0fd,190,96
0536c9eed0,0,92
98b6974d12,0,96
413bab0f0d,0,96
c844f03dc7,0,96
ad4108ee8e,0,180
e2c87a6421,0,96
964ad23b44,0,91
bac9db04f5,0,180
a965504e88,0,96
6efcfe9275,0,180
dd77583736,0,150
9e4c752cd0,0,91
d0b4442c71,0,144
6a96c8815d,0,180
653821d680,0,180
322da43910,0,97
5a4a785006,0,96
ab45078265,0,180
c34d120a88,0,180
732df1eb05,0,150
b8c3210036,0,46
824973babb,0,144
9041a0f489,85,96
e3e3245492,55,96
a800d85e88,0,51
536096501f,0,92
5e418b25f9,0,96
7570ca7f3c,0,180
038b2cc71d,0,91
285b69e223,0,150
038c15a5dd,0,178
eb8fce51a6,0,180
a6c3a374e9,0,180
c3c760b015,50,96
1cd10e62be,0,150
02f3a5c4df,15,46
508189ac91,0,180
e72f6104e1,0,92
1178932d2f,0,180
a0e6da5ba2,0,91
f3400f1204,0,180
18b5cebc34,0,150
756f76f74d,0,180
33e29d7e91,0,96
11c722a456,0,180
a74b9ca19c,0,180
e4af66e163,0,180
61fd977e49,0,144
e6295f223f,0,180
82d15514d6,0,150
545468262b,0,180
3ec273c8d5,50,96
927647fe08,0,150
ae1bcbd423,0,180
486e69c5bd,0,180
3935e63b41,0,180
08d50b926c,0,180
7367a42892,0,91
74267f68b9,0,91
398f5d5f19,0,174
a50c10060f,0,150
acb73e4297,0,150
0368107cf1,145,96
2e0f886168,0,96
7106b020ab,0,91
534a560609,0,91
597ff7ef78,0,150
a919392446,0,150
e19edcd34b,0,180
777e58ff3d,20,96
5d663000ff,0,150
967bffe201,5,86
c82235a49a,185,96
61d08ef5a1,0,46
7f3658460e,0,91
3b96d3492f,0,180
882b9e4500,0,180
62f025e1bc,0,180
8dcfb878a8,0,150
28bf9c3cf3,0,180
c3457af795,0,96
fbd77444cd,0,96
804382b1ad,0,180
8ff61619f6,180,96
835e3b67d7,0,97
8b0cfbab97,0,21
6419386729,0,150
c909ceea97,0,92
e0b2ceee6f,0,150
e4b2095f58,0,180
19696b67d3,0,96
2d8f5e5025,0,144
6dd2827fbb,0,96
4f824d3dcd,0,91
89bdb021d5,0,144
4b556740ff,0,144
9a4e9fd399,0,180
ae8545d581,0,86
86b2180703,0,180
ab33a18ded,0,96
97ba838008,0,180
f0483250c8,0,180
bf961167a6,0,92
fe24b0677d,0,180
75f99bd3b3,0,96
3a7bdde9b8,0,180
aa1a338630,50,96
afb71e22c5,0,92
d4dd1a7d00,0,180
e3bf38265f,0,51
8b523bdfd6,0,150
589f65f5d5,0,180
c3128733ee,0,180
ca3787d3d3,0,150
4b2974eff4,0,180
b382b09e25,0,150
2350d71b4b,0,180
c598faa682,0,180
2431dec2fd,0,180
b3eb7f05eb,0,86
00a23ccf53,0,180
f3734c4913,0,150
8a27e2407c,0,96
fd6789b3fe,0,180
34370a710f,0,92
e597442c99,0,150
6cb2ee722a,0,180
684dc1c40c,0,96
79208585cd,0,180
b08dcc490e,0,91
ed9ff4f649,0,180
d3932ad4bd,0,97
3aa3f1c9e8,0,150
6c4387daf5,0,96
d7bb6b37a7,0,150
7bb7dac673,0,92
3a3bf84b13,0,144
01c783268c,0,180
d7572b7d8a,0,180
f38e5aa5b4,0,86
540cb31cfe,0,180
4efb9a0720,0,180
83ae88d217,0,180
f6d6f15ae7,0,144
e495f32c60,0,41
51a597ee04,0,51
5ee23ca60e,0,87
f6c7906ca4,0,180
8bffc4374b,0,66
da5d78b9d1,0,180
2cb10c6a7e,0,180
9f5b858101,0,180
9fd2fd4d47,0,180
134d06dbf9,0,97
bc318160de,0,180
2d9a1a1d49,35,46
a15ccc5658,0,96
39545e20b7,0,180
0b285c47f6,0,144
9cfee34031,0,180
c45411dacb,60,91
eaab4d746c,0,91
91f107082e,0,180
b72ac6e10b,0,180
1b8898785b,0,180
2d33ad3935,0,96
e4f8e5f46e,0,96
5851739c15,0,180
f95d217b70,155,96
dc34b35e30,0,150
ab23b78715,0,96
2e00393d96,35,61
0c44a9d545,0,180
457e717a14,0,150
f9823a32c2,0,96
35637a827f,0,96
3f18728586,0,180
ec387be051,0,180
394454fa9c,0,180
ff773b1a1e,0,96
1c87955a3a,0,150
0970d28339,0,180
f14c18cf6a,0,180
96e1a5b4f8,0,180
b0b0731606,0,96
91d095f869,0,180
97756b264f,150,96
2120d9c3c3,0,150
b01080b5d3,0,180
0321b18c10,0,92
b86e50d82d,135,96
2e42410932,0,87
72b01281f9,0,180
08f561c65e,0,180
aade4cf385,0,180
e92e1b7623,0,150
6893778c77,0,96
0f51a78756,0,150
d87069ba86,0,150
a2a800ab63,0,180
dd9fe6c6ac,0,92
310021b58b,0,96
e2fb1d6497,0,178
8d167e7c08,0,91
baff40d29d,0,180
22f02efe3a,0,144
f1dc710cf4,0,180
39bc49a28c,0,180
375a49d38f,0,180
8e98ae3c84,0,96
f4aa882cfd,0,180
17622326fd,0,180
f04cf99ee6,0,62
9869a12362,0,180
b6f92a308d,0,180
3299ae3116,0,180
357a710863,0,92
ad2de9f80e,0,180
529b12de78,0,91
d4a607ad81,0,92
d9db6f1983,0,144
a3b40a0c1e,0,150
64750b825f,0,180
edd22c46a2,0,96
77c834dc43,55,41
73c6ae7711,0,96
1af8d2395d,0,180
17418e81ea,0,180
362c5bc56e,0,180
ae3bc4a0ef,0,180
6024888af8,0,180
61c7172650,0,180
fbc645f602,0,96
eaa99191cb,0,150
75285a7eb1,0,180
77610860e0,0,56
24866b4e6a,0,150
d7697c8b13,0,96
efce0c1868,0,180
c99e92aaf0,0,97
be8b72fe37,0,180
35c6235b8d,105,91
388843df90,0,180
6df3637557,0,180
38c197c10e,0,96
d724134cfd,0,144
8f1204a732,0,150
670f12e88f,0,180
05a0a513df,0,96
b6a4859528,0,96
80e12193df,0,150
ecb33a0448,0,180
3de4ac4ec4,0,92
4399ffade3,0,96
dc71bc6918,0,92
425a0c96e0,0,91
486a8ac57e,0,180
2feb30f208,0,87
fd542da05e,0,144
be15e18f1e,0,150
b0dd580a89,0,180
8088bda461,40,46
a3b8588550,0,91
fe6a5596b8,20,91
5e08de0ed7,0,180
d247420c4c,0,180
4a088fe99a,0,96
981ff580cf,0,180
282fcab00b,0,96
6a986084e2,110,96
1abf16d21d,0,150
9418653742,0,91
b8e16df00b,0,144
abbe2d15a0,0,180
c2b974ec8c,0,150
67ea809e0e,0,180
c96465ee65,0,180
b93963f214,0,180
1eb60959c8,0,180
f05b189097,5,96
01e64dd36a,0,91
93ff35e801,35,46
5104aa1fea,25,96
117cc76bda,0,180
8f3fdad3da,0,96
d0ab39112e,0,180
49c879f82d,0,96
4ec9da329e,0,96
2b69ee5c26,115,96
3054ca937d,0,180
6538d00d73,0,180
4fa160f8a3,0,180
dad980385d,135,96
72cadebbce,0,180
04460a7a52,0,180
90cc785ddd,0,96
91c33b4290,0,180
165c3c8cd4,0,96
24b5207cd9,100,96
a6f4e0817f,0,180
3f3b15f083,0,96
6fc6fce380,0,180
49e7326789,0,180
9f3734c3a4,0,180
4743bb84a7,0,92
84a4bf147d,0,66
4625f3f2d3,0,96
b190b1aa65,0,96
f9750192a4,15,91
e36ac982f0,0,91
5665c024cb,0,96
cf85ab28b5,0,180
c5fba7b341,0,150
c82a7619a1,0,180
ae499c7514,0,92
b5f1c0c96a,0,96
b573c0677a,0,180
01c4cb5ffe,0,180
215dfc0f73,105,96
198afe39ae,0,144
e914b8cac8,0,180
df20a8650d,0,92
62ede7b2da,0,91
5bafef6e79,120,96
a1bb65fb91,0,150
da01070697,0,96
db7f267c3f,0,180
c49f07d46d,0,180
ed72ae8825,0,180
a34f440f33,0,180
fbaca0c9df,0,180
d3ae1c3f4c,0,92
fc9832eea4,0,150
9e6ddbb52d,0,91
939378f6d6,0,91
f7cf4b4a39,0,92
e8d97ebece,0,144
90107941f3,0,92
9582e0eb33,55,71
83d40bcba5,0,86
b44e32a42b,0,91
b82e5ad1c9,0,91
2a821394e3,0,81
ea065cc205,0,180
d6c02bfda5,45,96
e352cb59c8,0,180
96e6ff0917,0,150
8873ab2806,60,91
3a1d55d22b,0,82
00ad5016a4,0,91
f8c3fb2b01,0,180
d5ee40e5d0,0,180
9e29b1982c,0,92
09338adea8,0,180
547b3fb23b,0,180
df11931ffe,0,180
52ff1ccd4a,0,96
e668ef5664,0,180
e9460b55f9,0,180
af8ad72057,0,180
8f8c974d53,0,120
81541b3725,0,91
2c1e8c8e2f,0,180
2bb00c2434,0,91
77ba4edc72,0,96
3a0d3a81b7,0,150
f5f051e9b4,0,180
ea286a581c,0,150
8bd1b45776,0,180
de5e480f05,0,96
3fea675fab,0,91
e625e1d27b,0,180
9c293ef4d7,0,144
ae93214fe6,0,150
cfd9d4ae47,0,180
5fd1c7a3df,0,92
17cb4afe89,0,180
53d9c45013,205,91
caac5807f8,0,180
aae78feda4,0,91
e0fb58395e,0,180
acff336758,0,180
ac2b431d5f,0,150
f697fe8e8f,0,96
f0dfa18ba7,0,150
e391bc981e,0,96
bf443804e8,0,180
51eea1fdac,0,150
b77e5eddef,0,92
1f64955634,0,96
9ce6f765c3,0,91
f4dd51ac35,0,91
9df0b1e298,0,96
49972c2d14,0,150
4de4ce4dea,0,180
f3fc0ea80b,0,96
df7626172f,0,92
e78d450a9c,0,91
0f74ec5599,0,180
183ba3d652,145,96
511e8ecd7f,0,150
b4805ae9cd,0,46
5ca36173e4,175,96
a39a0eb433,0,91
a2a80072d4,0,150
211bc5d102,0,150
2df005b843,0,180
3b512dad74,0,144
1892651815,0,180
26b895d91e,0,71
a832fa8790,0,180
2293c99f3f,0,180
603189a03c,20,96
4daa179861,0,91
2b351bfd7d,0,180
d0fb600c73,0,150
4c51e75d66,0,150
7ea5b49283,0,92
485f3944cd,5,96
64148128be,0,96
be2a367a7b,0,180
a1193d6490,0,96
bea1f6e62c,0,97
c60897f093,0,96
bd321d2be6,0,61
e99706b555,0,41
d195d31128,0,180
e0c478f775,0,150
4100b57a3a,0,150
a046399a74,0,96
b06f5888e6,0,92
4083cfbe15,0,150
28d9fa6016,0,96
bbb4302dda,0,180
3424f58959,0,180
42264230ba,0,96
6e2f834767,0,180
beb921a4c9,60,96
126d203967,0,180
58163c37cd,0,150
a522b1aa79,0,96
b60a76fe73,200,86
5fd3da9f68,0,91
764503c499,0,86
e9582bdd1b,0,91
2b6c30bbbd,0,180
1a3e87c566,0,150
1acd0f993b,0,180
ebbf5c9ee1,0,180
2d4d015c64,30,96
61b481a78b,0,96
c36240d96f,0,150
61344be2f6,0,180
e6deab5e0b,0,76
4ea77bfd15,0,150
dc1745e0a2,0,91
3ee062a2fd,0,180
217c0d44e4,0,150
757cac96c6,0,180
c7a1a17308,0,87
da7a816676,0,144
ed911a1f63,0,180
3c713cbf2f,0,91
103f501680,0,180
18bb5144d5,0,180
99fcba71e5,0,150
df05214b82,0,92
06ce2b51fb,0,91
5d0e07d126,0,96
4facd8f0e8,0,96
f3a0ffc7d9,0,180
27659fa7d6,0,180
57c7fc2183,0,150
caecf0a5db,0,91
3290c0de97,0,96
94031f12f2,115,96
97ab569ff3,25,96
b678b7db00,0,180
8a5d6c619c,0,96
890976d6da,0,91
ad6255bc29,0,180
8647d06439,0,46
a6a810a92c,0,150
da28d94ff4,0,96
84f0cfc665,0,96
735a7cf7b9,0,144
16c3fa4d5d,0,96
84752191a3,0,91
18913cc690,0,91
ede3552eae,20,96
4cd427b535,0,180
bc4ce49105,0,91
b3dde1e1e9,0,180
984f0f1c36,0,180
ee9a7840ae,0,180
67ea169a3b,0,92
f891f8eaa1,0,96
d205e3cff5,0,180
ce7d1c8117,0,144
ff15a5eff6,0,144
1c4090c75b,0,180
c96379c03c,0,180
645913b63a,0,180
13960b3c84,0,96
53cad8e44a,0,150
ef78972bc2,0,150
f7afbf4947,0,150
4f062fbc63,0,96
106242403f,0,96
5c185cff1d,0,180
517d276725,0,91
0ee92053d6,0,97
6eca26c202,0,91
7660005554,0,46
a177c2733c,0,150
30c35c64a4,0,150
ae01cdab63,0,180
e2b37ff8af,0,96
1dce57d05d,0,86
21f4019116,0,180
75cee6caf0,0,180
238d947c6b,0,46
de2ab79dfa,0,180
cd4dc03dc0,0,180
57bd3bcda4,0,180
c39559ddf6,0,180
ef9a2e976b,0,91
456fb9362e,0,91
ea3b94a591,0,180
df8ad5deb9,0,180
738e5a0a14,0,180
189b44e92c,0,97
ce1af99b4b,0,150
aaba004362,0,180
55341f42da,0,180
779e847a9a,0,81
114e7676ec,0,180
44f7422af2,0,180
b87d56925a,0,96
977bff0d10,0,96
117757b4b8,0,180
a973f239cd,0,91
bf2232b58d,0,96
09ff54fef4,0,150
f1b77bd309,0,180
968492136a,195,96
d99d770820,0,180
f40a683fbe,0,180
41a34c20e7,35,96
e4ffb6d0dd,0,71
81aa1286fb,0,96
d55f247a45,0,150
ce49b1f474,0,180
346e92ff37,0,180
69023db81f,0,96
df5536cfb9,0,180
eb2f821c6f,0,180
04474174a4,0,180
3db1ddb8cf,0,180
1b3fa67f0e,0,92
f77ab47923,0,97
56f09b9d92,0,180
c82ecb90cb,0,180
637681cd6b,0,180
3dd48ed55f,0,144
4918d10ff0,0,91
1ca5673803,0,180
accafc3531,0,96
64e05bf46e,0,96
0ca839ee9a,0,180
e1495354e4,0,180
6589565c8c,0,150
1c72b04b56,0,180
3af847e62f,0,92
ad97cc064a,155,96
c01878083f,0,180
f0eb3179f7,0,180
c2baaff7bf,0,91
21d0edbf81,0,96
57bfb7fa4c,0,150
d45158c175,0,150
68cb45fda3,0,180
3252398f09,0,150
c16f09cb63,0,180
2df356de14,0,180
e92b6bfea4,0,46
f52104164b,0,180
e95e5afe0f,150,96
9e493e4773,0,180
2a6a30a4ea,0,150
360e25da17,0,97
145d5d7c03,0,180
85a4f4a639,0,144
b179c4a82d,0,96
34dd2c70a7,0,180
da080507b9,0,150
6d6eea5682,0,180
4f827b0751,0,144
dd415df125,0,120
de6a9382ca,45,96
3f0c860359,0,91
60e51ff1ae,0,150
5497dc3712,0,150
7b74fd7b98,0,180
a50eb5a0ea,0,150
f15c607b92,0,180
d874654b52,0,91
7bf3820566,0,96
b15bf4453b,0,91
a984e56893,0,96
734ea0d7fb,0,91
4cad2e93bc,0,150
4af8cb323f,0,97
d65a7bae86,0,150
22a1141970,200,91
aa49e46432,5,96
b17ee70e8c,0,180
89d6336c2b,0,180
b5f7fece90,0,180
ed3e6fc1a5,0,180
2589956baa,0,150
1f7d31b5b2,0,96
51b5dc30a0,200,96
98e909f9d1,0,150
5cac477371,0,97
8aa817e4ed,0,87
223a0e0657,0,180
cd603bb9d1,0,144
2ebb017a26,0,180
79bc006280,0,180
a590915345,0,180
a38950ebc2,0,180
5380eaabff,0,144
aaff16c2db,0,96
2c04b887b7,0,144
1e4be70796,0,96
076f206928,0,96
cd8f49734c,0,180
b41e0f1f19,160,91
d5df027f0c,0,144
a78758d4ce,0,180
595a0ceea6,0,91
51b37b6d97,0,96
7d74e3c2f6,0,150
868d6a0685,0,91
600be7f53e,80,96
e588433c1e,0,96
69aebf7669,0,180
722803f4f2,0,92
711dce6fe2,0,96
5678a91bd8,0,180
25c750c6db,0,150
4c397b6fd4,0,180
2261d421ea,0,180
c89147e6e8,0,180
dc704dd647,0,180
acf736a27b,0,90
402680df52,0,180
6ecad29e52,0,96
bc4f71372d,0,96
be1a284edb,0,180
e1ab7957f4,0,150
526df007a7,0,180
68807d8601,0,96
bda4a82837,0,96
ad397527b2,0,97
3e108fb65a,0,96
69b8c17047,0,180
a18ad065fc,0,150
7f1723f0d5,0,97
84e0922cf7,0,150
9c5180d23a,0,144
35195a56a1,0,150
702fd8b729,0,180
5afe381ae4,30,96
5e8d59dc31,0,180
0860df21e2,0,180
2c0ad8cf39,0,180
9b473fc8fe,0,96
05a569d8aa,0,91
c8ab107dd5,0,97
3988074b88,0,91
8273a03530,0,180
58c374917e,0,96
ee07583fc0,0,150
16763cccbb,0,150
772a0fa402,0,180
69ea9c09d1,0,180
b11099eb09,0,180
c20a5ccc99,0,180
3dcbc0635b,0,150
1250423f7c,0,96
ac783ef388,0,180
d4f4f7c9c3,0,96
faf5222dc3,0,91
da070ea4b7,0,180
ecfff22fd6,0,180
418035eec9,0,180
c0f49c6579,0,92
90bc4a319a,0,180
37ddce7f8b,0,180
c0e973ad85,0,96
6bdab62bcd,0,86
837c618777,0,144
4dadd57153,0,92
93da9aeddf,0,91
97e59f09fa,30,96
c4f5b1ddcc,0,180
50168342bf,0,180
5fb8aded6a,0,180
3e04a6be11,0,180
1fa350df76,0,96
958073d2b0,0,150
b94d34d14e,45,96
f5f8a93a76,0,150
c593a3f7ab,0,92
246b142c4d,0,180
1c41934f84,0,96
c130c3fc0c,0,180
1b7e8bb255,0,96
b5eb64d419,0,91
01ff60d1fa,0,180
19e8bc6178,0,86
c34365e2d7,0,180
720e3fa04c,0,150
3b6c7988f6,0,91
3450382ef7,0,144
a61cf4389d,0,150
db0968cdd3,0,150
cad8a85930,0,150
75cf58fb2c,0,91
1fe2f0ec59,0,150
a5dd11de0d,0,150
aa51934e1b,0,180
d847e24abd,0,144
714d902095,0,150
5f6f14977c,0,91
0b7dbfa3cb,25,91
fb49738155,0,180
306121e726,0,92
5baaebdf00,0,180
4a50f3d2e9,140,96
78254660ea,0,91
a3a945dc8c,0,91
6afb7d50e4,0,144
972c187c0d,0,180
7a14bc9a36,0,96
9893d9202d,0,91
6f4789045c,0,180
ab2e1b5577,0,180
c2be6900f2,0,180
15617297cc,0,180
8f1ce0a411,0,92
6bf2e853b1,0,180
c30a7b62c9,0,92
e93f83e512,0,92
f9ea6b7f31,20,96
51eef778af,0,91
f8603c26b2,0,180
479cad5da3,0,180
1da4e956b1,0,180
32a7cd687b,0,150
c47d551843,0,180
390c51b987,0,96
b27b28d581,0,72
935feaba1b,0,96
247d729e36,0,96
a5da03aef1,0,180
343bc6a65a,0,179
c32d4aa5d1,0,180
df9705605c,0,180
03c95b4dae,0,92
b48efceb3e,0,150
3b74a0fc20,0,180
a2f2a55f01,80,96
f48b535719,0,92
644bad9729,0,96
11a0c3b724,0,91
839381063f,0,91
f08928c6d3,150,96
50b6b3d4b7,0,91
a9cbf9c41b,0,150
697d4fdb02,0,144
5390a43a54,0,180
72e8d1c1ff,0,96
ff5a1ec4f3,0,180
54657855cd,0,96
50f290b95d,0,91
b70c052f2f,0,150
bd2c94730f,0,180
47269e0499,0,92
0ea68d418b,170,96
6d6d2b8843,0,91
b3996e4ba5,0,180
f8c8de2764,0,180
e4d4872dab,80,96
3e7d8f363d,0,180
11485838c2,0,96
fad633fbe1,0,150
674c12c92d,0,91
8f0a653ad7,0,150
b69926d9fa,0,96
d719cf9316,160,96
6979b4d83f,0,180
3e16c19634,0,180
8179095000,0,180
e7c6354e77,0,91
3b3b0af2ee,0,150
7b5cf7837f,0,180
3ab9b1a85a,0,96
ef07f1a655,0,96
4932911f80,0,150
65ab7e1d98,0,180
84a4b29286,0,180
4e49c2a9c7,0,56
0fa7b59356,0,180
0c11c6bf7b,0,180
bfd91d0742,0,150
0c26bc77ac,0,180
30176e3615,0,56
ad54468654,175,66
7c078f211b,0,150
adfdd52eac,0,96
e9ec1b7ea8,0,144
bc6b8d6371,0,180
9f66640cda,0,180
19367bb94e,0,180
58adc6d8b6,0,76
c2406ae462,0,96
a8f78125b9,0,180
56fc0e8cf9,0,144
29a0356a2b,0,180
5458647306,0,144
1257a1bc67,0,180
27a5f92a9c,0,97
ca1828fa54,0,96
8f918598b6,0,96
9bce4583a2,50,96
8bfff50747,0,180
9cb2f1b646,0,180
bd5b2e2848,0,41
55eda6c77e,0,180
e1194c2e9d,0,150
643092bc41,0,96
ff2ada194f,0,180
72a810a799,0,180
33098cedb4,0,92
94e76cbaf6,0,180
fd33551c28,0,144
adfd15ceef,0,180
7320b49b13,0,180
15d1fb3de5,0,180
7d783f67a9,0,96
6454f548fd,0,180
cce03c2a9b,0,144
9445c3eca2,0,91
4abb74bb52,25,96
6908ccf557,0,91
b2edc76bd2,0,150
ea444a37eb,0,71
8c469815cf,0,96
a96b84b8d2,115,96
0b9cea51ca,0,180
2c54cfbb78,0,180
c98b6fe013,0,180
c557b69fbf,0,180
edeab61ee0,0,174
e25fa6cf39,0,180
986b5a5e18,0,180
b6d79a0845,0,180
ee316eaed6,0,91
c479ee052e,0,180
4bffa92b67,0,138
80f16b016d,0,91
8be950d00f,0,96
dbd66dc3ac,0,180
2a5c09acbd,0,76
81dffd30fb,70,96
dc7771b3be,0,180
990f2742c7,0,96
d5853d9b8b,0,180
76b90809f7,0,180
7584129dc3,0,144
df1b0e4620,0,180
c55784c766,0,180
7163b8085f,0,150
bd0d849da4,0,180
b258fb0b7d,0,180
c8b869a04a,0,96
6e618d26b6,65,56
d454e8444f,0,150
41124e36de,0,144
9720eff40f,0,180
484ab44de4,0,96
65b7dda462,0,180
c73c8e747f,0,180
68f6e7fbf0,110,96
ad3d1cfbcb,0,86
365f459863,0,180
2dcc417f82,0,150
b379ab4ff5,0,46
b5b9da5364,0,97
ec579c2f96,0,91
9bc454e109,0,180
1157472b95,0,180
3cb9be84a5,0,150
935d97dd2f,0,91
93a22bee7e,0,96
8b4f6d1186,0,180
19e061eb88,0,91
404d02e0c0,0,150
afe1a35c1e,0,150
43326d9940,0,150
52c7a3d653,0,150
ef45ce3035,0,180
75595b453d,0,91
17e33f4330,0,180
5158d6e985,0,180
7806308f33,0,91
0065b171f9,0,180
47a05fbd1d,0,96
3c47ab95f8,0,150
8bd7a2dda6,0,150
51e85b347b,0,180
ce6866aa19,0,180
589e4cc1de,0,180
454f227427,150,91
207bc6cf01,0,144
f6f59d986f,0,180
392ecb43bd,0,92
98d044f206,0,96
081ae4fa44,0,150
57d5289a01,0,61
90617b0954,0,92
1b8680f8cd,0,180
44f4f57099,40,96
5cb49a19cf,0,180
2bf545c2f5,0,180
94091a4873,0,180
0f5fbe16b0,0,180
01694ad9c8,0,91
a68259572b,0,180
651066ed39,0,180
c2a9903b8b,0,180
d7fbf545b3,0,96
c0847b521a,0,96
2481ceafeb,0,150
764271f0f3,0,92
59bf0a149f,0,180
0348a45bca,0,180
1a9c131cb7,0,180
8899d8cbcd,0,91
defb71c741,50,96
e22ffc469b,0,180
07c62c3d11,0,180
9fc2bad316,0,180
1d6ff083aa,45,96
b2a26bc912,0,180
2268cb1ffd,0,150
d88a403092,0,96
802b45c8c4,0,180
260dd9ad33,0,66
d4193011f3,0,144
eebf45e5c5,0,92
e8f8341dec,0,180
8cba221a1e,0,180
a7392d4438,0,150
b64fca8100,120,96
9fbad86e20,0,180
2719b742ab,0,180
39c3c7bf55,0,180
e0f7208874,0,180
07913cdda7,0,92
4e824b9247,0,180
574b682c19,0,180
df9c91c4da,0,180
28a8eb9623,0,180
2fbfa431ec,0,96
c9999b7c48,0,180
5069c7c5b3,0,180
fb92abdaeb,0,180
c9d1c60cd0,0,144
132852e094,0,180
96a856ef9a,0,180
614e571886,0,180
52d225ed52,55,96
222904eb5b,0,92
92128fbf4b,0,144
b7bcbe6466,0,180
e9bc0760ba,0,91
f85796a921,150,91
dba35b87fd,35,96
7b49e03d4c,0,180
67b0f4d562,0,180
675c27208a,0,180
d4da13e9ba,0,96
9fcc256871,0,91
09c9ce80c7,0,180
adb0b5a270,0,180
a48c53c454,0,180
0b34ec1d55,0,180
bb1b0ee89f,0,96
04194e1248,0,180
45c36a9eab,0,150
4aa2e0f865,0,180
59e3e6fae7,0,180
c10d07c90d,0,180
8ae168c71b,0,96
4d67c59727,0,150
f9d3e04c4f,0,92
beeb8a3f92,0,150
3f45a470ad,0,46
e252f46f0b,0,180
f0268aa627,0,180
b73867d769,0,150
a4757bd7af,0,96
79f014085e,0,91
6ab9dce449,0,150
27f0d5f8a2,0,86
55c1764e90,0,180
80e41b608f,0,180
82fec06574,0,150
9f913803e9,0,180
8662d9441a,0,180
5937b08d69,0,96
5c83e96778,0,180
aaed233bf3,0,180
19b60d5335,0,180
8cac6900fe,0,96
b86c17caa6,0,180
a73d3c3902,0,180
5c4c574894,0,144
7f54132e48,0,144
4e72856cc7,0,91
142d2621f5,0,91
f3b24a7d28,195,96
28c6b8f86a,0,180
606c86c455,0,180
0de4923598,0,97
7abdff3086,0,150
6e4f460caf,0,96
f0ad38da27,0,71
78e29dd4c3,0,150
774f6c2175,0,180
c813dcf13c,0,91
080196ef01,0,180
b34105a4e9,0,91
69491c0ebf,0,91
4019231330,0,150
d6c1b5749e,0,92
cff035928b,0,91
b7a2c2c83c,0,96
369893f3ad,0,180
1cb44b920d,0,180
0450095513,0,150
2268e93b0a,0,61
fa9526bdf1,0,150
e0bdb5dfae,0,36
a7203deb2d,0,150
fb47fcea1e,0,96
e85c5118a7,0,180
794e6fc49f,200,96
4aa9d6527f,0,180
ecfedd4035,0,92
1b883843c0,0,91
cff8191891,0,46
11cbcb0b4d,0,96
d763bd6d96,0,180
c26f7b5824,0,180
fe9db35d15,0,96
e00baaae9b,0,180
9a50af4bfb,0,180
65f9afe51c,0,91
031ccc99b1,0,91
db59282ace,0,91
48812cf33e,0,150
bc4240b43c,0,96
3bd9a9b515,0,150
9f97bc74c8,0,180
7c88ce3c5b,0,180
3245e049fb,0,66
2c2c076c01,0,180
ef96501dd0,0,150
ae0b50ff4f,0,96
b19c561fab,0,180
fb2e19fa6e,0,180
8891aa6dfa,0,91
8909bde9ab,0,91
939bdf742e,95,96
bc3b9ee033,0,91
b4b715a15b,0,180
104e64565f,35,96
bf461df850,0,150
0a275e7f12,0,96
04259896e2,0,180
b6ec609f7b,0,163
7bb0abc031,0,180
d3e6e05e16,0,150
94e4b66cff,0,92
a1aaf63216,0,96
903e87e0d6,0,144
ff49d36d20,0,180
d5695544d8,0,180
d92532c7b2,0,180
d3eefae7c5,0,144
8515f6db22,0,180
ec28252938,0,150
ee40a1e491,0,92
66e98e78f5,170,91
16af445362,30,96
e42b6d3dbb,15,96
097b471ed8,0,96
c20fd5e597,0,180
99c4277aee,0,96
668364b372,0,96
e1561d6d4b,0,180
9bfc50d261,0,180
328d918c7d,0,180
cfc2e50b9d,0,150
65866dce22,0,150
77920f1708,0,150
6da6adabc0,0,150
6eaff19b9f,0,180
76379a3e69,0,180
3a7ad86ce0,0,180
df39a0d9df,0,96
1cada35274,0,180
c438858117,0,180
d992c69d37,0,150
150ea711f2,0,180
7e1e3bbcc1,0,180
e672ccd250,0,92
556c79bbf2,0,144
4680236c9d,0,180
8604bb2b75,185,96
dd0f4c9fb9,0,180
4b97cc7b8d,50,96
4a8af115de,0,21
34046fe4f2,0,180
0c817cc390,0,180
1d3087d5e5,0,180
c33f28249a,0,144
4f424abded,0,180
a5f472caf4,150,96
c35e4fa6c4,0,180
b064dbd4b7,0,96
f2b7c9b1f3,0,150
08c8450db7,45,96
e78922e5e6,0,47
8a75ad7924,0,180
8b4fb018b7,5,66
f83f19e796,165,76
2125235a49,0,180
165c42b41b,0,91
52355da42f,0,96
17c220e4f6,0,180
48bd66517d,0,180
34efa703df,0,180
62a0840bb5,0,180
add21ee467,0,180
acf44293a2,0,96
4a7191f08a,0,150
a5f350a87e,0,180
950be91db1,0,180
0503bf89c9,0,150
d3f55f5ab8,0,180
67e717d6bd,0,91
df5e2152b3,0,66
2cc5d9c5f6,0,180
fbe8488798,0,91
24ddf05c03,0,92
c8d79e3163,0,180
fdb3d1fb1e,0,82
6c4ce479a4,140,86
0e9f2785ec,0,96
5ef6573a99,0,96
392bc0f8a1,0,96
5247d4b160,0,180
7fa5f527e3,0,96
281629cb41,0,96
49c104258e,0,144
98ba3c9417,0,180
7d508fb027,0,180
c8edab0415,0,150
14c21cea0d,0,180
ee9706ac7f,0,91
0bcfc4177d,95,96
edb8878849,15,96
e43d7ae2c5,0,92
0043f083b5,0,96
6927723ba5,0,180
b13abc0c69,0,96
b84b8ae665,0,180
4350f3ab60,0,144
c4f256f5d5,0,144
b841cfb932,30,96
a7e6d6c29a,0,96
39d584b09f,0,91
4f37e86797,0,91
3c90d225ee,0,180
61f5d1282c,0,92
859633d56a,100,96
75eaf5669d,0,96
8ec10891f9,0,150
a301869dea,0,180
f7e0c9bb83,0,180
d9e52be2d2,0,96
65dcf115ab,0,91
6e1a21ba55,0,96
19ee80dac6,0,180
7053e4f41e,0,180
377db65f60,0,144
57a344ab1a,0,180
dc32a44804,0,180
b2f6b52100,0,180
f9e4cc5a0a,0,96
aed4e0b4c4,0,86
07ac33b6df,0,150
201a8d75e5,0,150
d14d1e9289,0,96
cebbd826cf,0,150
768671f652,0,180
73329902ab,0,150
75504539c3,0,91
4dfaee19e5,0,180
0762ea9a30,0,96
c8f494f416,0,96
80ce2e351b,0,180
a5b5b59139,0,96
232c09b75b,0,150
8ee198467a,0,180
50568fbcfb,0,180
4e70279712,0,96
53253f2362,0,180
fbe53dc8e8,0,96
6c11a5f11f,0,96
559824b6f6,0,91
2f97d9fecb,0,96
f74c3888d7,0,180
c3be369fdb,0,91
0891ac2eb6,0,81
54e1054b0f,0,91
bddcc15521,0,180
fb34dfbb77,0,180
7f02b3cfe2,0,180
0eefca067f,0,150
5a841e59ad,0,180
fa67744af3,0,180
fea8ffcd36,0,144
d355e634ef,0,86
64dd6c83e3,0,92
6afd692f1a,0,180
82e117b900,0,179
a066e739c1,0,150
1145b49a5f,0,180
b2432ae86d,0,180
b96a95bc7a,0,180
948f3ae6fb,0,180
919ac864d6,0,180
b6070de1bb,0,180
a0b61c959e,45,96
450787ac97,0,180
04fbad476e,0,180
37e45c6247,0,96
ae2cecf5f6,150,56
558aa072f0,0,180
a20fd34693,5,96
9e249b4982,0,96
5af15e4fc3,0,91
db231a7100,0,92
eb6d7ab39e,20,96
c1c830a735,0,96
65bd5eb4f5,0,180
d4b063c7db,0,144
b6b4f847b7,0,150
38fe9b3ed1,0,180
9684ef9d64,195,86
89ebb27334,0,91
45d9fc1357,0,174
fcf637e3ab,0,92
fba22a6848,0,92
10eced835e,0,91
78f1a1a54f,0,91
d704766646,0,180
6f96e91d81,0,144
71d2665f35,0,91
72cae058a5,0,180
de827c510d,0,92
3b6e983b5b,0,180
52c8ec0373,0,91
6b685eb75b,0,96
04f21da964,0,180
fc6186f0bb,0,180
63d90c2bae,0,96
a64a40f3eb,180,76
823e7a86e8,0,46
5f808d0d2d,0,91
fdb8b04124,0,96
2039c3aecb,0,96
017ac35701,0,180
2f309c206b,0,180
aeba9ac967,0,180
da6c68708f,0,180
5f6ebe94a9,0,86
37c19d1087,0,46
5eef7ed4f4,0,91
7f21063c3a,10,81
07238ffc58,0,180
bb1fc34f99,0,150
0df28a9101,0,150
6d12e30c48,0,180
cb2e35d610,0,150
e4428801bc,0,97
df365282c6,0,180
e8962324e3,50,91
a7491f1578,0,150
a5ec5b0265,0,144
0e9ebe4e3c,0,92
7143fb084f,0,180
7a5f46198d,5,86
6eb30b3b5a,0,96
474a796272,0,180
122896672d,0,180
d6faaaf726,0,96
b37a1d69e3,0,150
934bdc2893,0,180
fb4cbc514b,0,71
28449fa0dc,0,180
1239c87234,0,180
521cfadcb4,0,180
36c7dac02f,0,180
fe0f76d41b,0,180
0f2ab8b1ff,0,180
2d183ac8c4,0,180
b132a53086,0,91
2a63eb1524,150,96
804f6338a4,0,180
73e4e5cc74,0,150
045f00aed2,0,180
9a08e7a6f8,0,180
337975816b,0,180
d200838929,0,180
25dc80db7c,0,96
26de3d18ca,0,150
3a33f4d225,0,180
748b2d5c01,0,96
a4f05d681c,0,91
4c9b5017be,0,180
0a8c467cc3,0,180
1d746352a6,0,66
4523656564,60,96
3c019c0a24,0,96
2d3991d83e,0,150
4a0255c865,0,180
17d8ca1a37,0,150
a24f63e8a2,0,180
8be56f165d,40,96
7c03a18ec1,0,96
4f414dd6e7,0,180
164410ce62,0,91
6c9e3b7d1a,0,91
88ede83da2,0,180
2f2c65c2f3,0,144
93f623d716,0,180
d7797196b4,0,150
1197e44b26,0,180
28e392de91,0,144
98043e2d14,0,96
5c52fa4662,0,76
da690fee9f,0,180
4a885fa3ef,0,144
ddfc3f04d3,0,150
5ede4d2f7a,0,144
482fb439c2,0,150
f895ae8cc1,0,180
c5ab1f09c8,0,180
324c4c38f6,0,180
bc17ab8a99,0,150
5ed838bd5c,0,96
b247940d01,0,150
b751e767f2,0,180
e0de82caa7,0,180
fa9b9d2426,0,150
cae7b0a02b,0,180
418bb97e10,0,144
e98eda8978,0,92
c046fd0edb,0,150
e33c18412a,0,71
21f1d089f5,0,96
f34a56525e,0,91
6cbfd32c5e,0,180
dd61d903df,0,150
b85b78ac2b,0,180
d3f5c309cc,5,61
bb89a6b18a,0,87
7094ac0f60,0,180
8e3a83cf2d,0,91
c4571bedc8,100,91
cdc6b1c032,0,92
b4b565aba1,0,150
d664c89912,0,150
1b88ba1aa4,0,180
7c4ec17eff,0,144
8f320d0e09,0,96
8ba04b1e7b,45,96
3b9ad0c5a9,0,150
b4e5ad97aa,0,180
b1d1cd2e6e,0,92
444aa274e7,0,150
827171a845,0,180
847eeeb2e0,0,180
cfcd571fff,0,144
0b9d012be8,0,180
59323787d5,0,150
2142af8795,0,150
639bddef11,0,150
3113140ee8,0,144
499bf07002,0,96
f7782c430e,0,150
d280fcd1cb,0,180
8f81c9405a,0,97
2bdd82fb86,0,150
d301ca58cc,0,150
aebb242b5c,0,150
63d37e9fd3,0,180
3a4565e5ec,0,144
7bc7761b8c,0,180
56cc449917,0,150
35ab34cc34,0,180
f8db369b40,0,92
6fce7f3226,0,150
97d9d008c7,0,150
4cf208e9b3,0,180
ffc43fc345,0,150
9a7fc1548b,0,96
d39934abe3,0,144
7435690c8c,0,46
4bf5763d24,90,96
a5ea2b93b6,0,150
cef824a1e1,0,92
f8fcb6a78c,0,180
f36483c824,0,96
678a2357eb,60,70
2ea78f46e4,0,180
11a6ba8c94,0,180
d04258ca14,0,150
b0de66ca08,0,180
a78195a5f5,0,150
09a348f4fa,0,150
8799ab0118,0,96
e5ce96a55d,0,61
2bffe4cf9a,0,96
d04a90aaff,0,180
0b1627e896,0,96
bb2d220506,0,180
bd0e9ed437,0,150
1afd39a1fa,0,91
a66fc5053c,145,91
fd31890379,0,180
46bf4e8709,115,91
784d201b12,0,96
ac2cb1b9eb,0,150
397abeae8f,0,180
5bd1f84545,0,180
e4d19c8283,0,180
120cb9514d,0,180
37e10d33af,0,180
1dba687bce,0,180
005a527edd,0,144
a07a15dd64,0,180
45636d806a,0,180
b920b256a6,0,180
376bda9651,0,144
636e4872e0,0,180
8bdb091ccf,0,180
5e1ce354fd,0,150
1416925cf2,0,92
d3987b2930,0,180
1b73ea9fc2,0,92
3e680622d7,0,91
267964ee57,0,92
119dd54871,0,180
2489d78320,0,180
9359174efc,0,180
86a8ae4223,0,92
5a91c5ab6d,0,150
1ecdc2941c,0,180
ced49d26df,0,180
1022fe8417,0,96
ae20d09dea,0,180
513aada14e,0,92
7a802264c4,0,180
4cfdd73249,0,91
42ffdcdee9,0,180
69c67f109f,0,180
c6bb6d2d5c,0,180
4cf5bc3e60,0,92
b0aece727f,0,144
223bd973ab,0,92
42f17cd14d,5,91
f0c7f86c29,0,180
9a72318dbf,0,92
58a07c17d5,0,180
dac361e828,0,180
4cef87b649,55,96
887a93b198,0,180
fcb10d0f81,0,180
110d26fa3a,0,150
4fca07ad01,0,91
a402dc0dfe,70,21
de30990a51,0,180
ba3c7f2a31,0,150
a36e8c79d8,140,71
1daf812218,0,150
619812a1a7,0,96
a2052e4f6c,0,96
e8cee8bf0b,0,150
d756f5a694,0,91
e6be243065,150,46
ca346f17eb,0,180
07129e14a4,0,180
01b80e8e1a,0,61
193ffaa217,0,91
37fa0001e8,0,180
500c835a86,0,180
53af427bb2,0,91
7ff84d66dd,0,150
2bbde474ef,0,92
76a75f4eee,0,150
12bddb2bcb,0,150
4478f694bb,0,91
eaec65cfa7,0,180
ff25f55852,0,180
51794ddd58,0,96
c079a6482d,0,96
05579ca250,0,150
9966f3adac,35,46
fa88d48a92,0,150
9579b73761,0,180
8c3015cccb,0,180
da6003fc72,0,150
08931bc458,0,180
4c7710908f,0,180
077d32af19,125,96
3454303a08,0,180
f7f6cb2d6d,0,150
681249baa3,0,180
6d7efa9b9e,0,180
d79c834768,0,180
541c4da30f,0,91
ac46bd8087,0,180
9fcb310255,0,92
3a2c1f66e5,0,150
52ee406d9e,0,180
eeb90cb569,0,180
49fbf0c98a,0,96
86e61829a1,0,180
c6c18e860f,0,150
c95cd17749,0,180
cf13f5c95a,0,144
b6d65a9eef,0,180
685a1fa9cf,0,91
5b5babc719,0,180
95bd88da55,0,180
bf551a6f60,0,180
824ca5538f,0,180
94cf3a8025,0,96
e8fa21eb13,0,180
f507a1b9dc,0,96
a61d9bbd9b,0,180
0fc958cde2,0,150
f3704d5663,0,91
d2ebe0890f,0,180
a41ec95906,0,91
c0e8d4635c,0,96
f47eb7437f,105,96
3609bc3f88,0,92
7e24023274,0,180
772f2ffc3e,0,91
bdb74e333f,0,180
b0c7f11f9f,0,180
86a40b655d,0,150
3e91f10205,0,26
8ddd51ca94,0,180
c3e4274614,0,91
684bcd8812,0,96
65ff12bcb5,0,180
f253b3486d,0,144
e803918710,0,180
4416bdd6ac,0,92
d26f6ed9b0,0,150
7923bad550,0,150
369c9977e1,0,180
d177e9878a,0,96
04990d1915,0,92
a39c9bca52,0,180
4a86fcfc30,0,180
72acb8cdf6,0,180
390ca6f1d6,0,144
068f7dce6f,0,180
1f8014b7fd,0,96
9151cad9b5,0,97
5eecf07824,0,180
94db712ac8,0,180
ef232a2aed,0,150
c70f9be8c5,0,87
9e16f115d8,0,144
1981e763cc,0,180
11e53de6f2,55,46
13e3070469,105,96
1a8bdc5842,0,150
2c3ea7ee7d,0,92
3cdf03531b,0,178
42f5c61c49,0,180
04735c5030,0,91
f49e4866ac,0,180
9877af5063,0,180
e2167379b8,0,150
78896c6baf,0,92
e214b160f4,0,180
093c335ccc,0,144
b8c03d1091,0,180
5a13a73fe5,0,96
e499228f26,0,150
66852243cb,0,96
238d4b86f6,15,91
804c558adb,0,96
f89288d10c,0,92
c9de9c22c4,65,96
726243a205,0,96
0ac8c560ae,35,96
863b4049d7,0,180
25f97e926f,0,180
472da1c484,0,144
8939db6354,0,180
d5cae12834,0,150
f659251be2,0,150
74d4cee0a4,0,91
2fcd9f4c62,0,180
b9dd4b306c,0,180
7a13a5dfaa,0,180
efb24f950f,0,180
9057bfa502,0,150
f9f3852526,0,180
e27bbedbfe,0,92
8bbeaad78b,0,96
ded6069f7b,0,180
f8819b42ec,0,144
2465bf515d,130,91
f2c276018f,0,150
75d5c2f32a,0,180
5da6b2dc5d,0,180
5566ab97e1,0,91
222597030f,0,91
e158805399,0,91
7a56e759c5,0,91
ebc4ec32e6,0,91
67741db50a,0,96
3b7a50b80d,0,180
43d63b752a,0,180
165ec9e22b,0,144
f7e6bd58be,0,96
26011bc28b,0,150
f3e6c35ec3,0,180
6944fc833b,0,180
8d064b29e2,0,92
4baa1ed4aa,0,91
351cfd6bc5,0,180
f7961ac1f0,0,96
e9502628f6,0,180
1f1beb8daa,0,150
cb15312003,0,76
4a6e3faaa1,0,180
56e71f3e07,0,150
7e9b6bef69,0,66
d7c7e064a6,0,180
c41e6587f5,0,96
6b0b1044fe,0,91
c0a1e06710,0,180
29e630bdd0,0,144
72edc08285,0,180
895c96d671,0,180
d44e6acd1d,30,66
e53e21aa02,0,180
a263ce8a87,0,180
7a626ec98d,0,92
4867b84887,0,150
b76df6e059,35,96
c4cc40c1fc,0,97
3d690473e1,0,180
8dcccd2bd2,0,180
f6adb12c42,0,76
e8b3018d36,0,91
1fc9538993,0,180
d86101499c,0,144
902bc16b37,0,91
7d55f791f0,0,180
e4ef0a3a34,0,91
6d4bf200ad,0,180
50243cffdc,0,180
bda224cb25,0,91
e72a7d7b0b,0,150
e5be628030,0,180
c3bf1e40c2,0,97
03a63e187f,0,180
8e478e73f3,0,91
5255c9ca97,0,144
3eb39d11ab,0,180
d295ea2dc7,0,96
93e2feacce,0,180
c6d9526e0d,0,180
871e409c5c,0,180
3a98867cbe,0,91
18c6f205c5,0,96
3ae1a4016f,130,96
4f8db33a13,0,180
a71e0481f5,170,96
dde8e67fb4,100,76
7d1333fcbe,0,96
e9422ad240,35,46
ddb2da4c14,0,180
e1a1544285,0,180
ba3fcd417d,0,180
f99d535567,0,96
9d12ceaddc,0,180
e8f7904326,0,72
3935291688,0,150
e221105579,0,180
3b9ba0894a,0,180
48375af288,0,96
a43299e362,0,180
70a6b875fa,0,180
909c2eca88,0,180
1180cbf814,0,180
eac7a59bc1,0,150
5a25c22770,0,150
d95707bca8,0,91
728e81c319,0,91
a977126596,0,180
7b918ccb8a,0,150
4cdfe3c2b2,0,180
3e3a819865,0,180
6ead4670f7,0,180
dbba735a50,0,86
d6e12ef6cc,0,92
9574b81269,0,92
d2b026739a,0,150
85dc1041c6,60,96
fb63cd1236,50,96
03e2b57b0e,0,150
2e03b8127a,0,180
dbca076acd,0,180
6997636670,0,180
29dde5f12b,125,86
c544da6854,0,180
1a5fe06b00,45,91
997117a654,0,180
e9d3c78bf3,0,87
5c42aba280,0,180
7f5faedf8b,0,96
c013f42ed7,0,180
3b23792b84,0,144
c8557963f3,0,91
7e2f212fd3,170,96
89363acf76,0,150
2ee2edba2a,50,96
b53f675641,0,150
3605019d3b,0,96
a416b56b53,0,96
075c701292,0,180
5589637cc4,0,180
c1268d998c,0,96
31539918c4,0,180
3fff16d112,0,180
f7f2a38ac6,0,96
c5e845c6b7,0,150
8cbbe62ccd,0,180
e6267d46bc,0,96
eb7921facd,0,180
86c85d27df,0,180
ea138b6617,0,150
2db0576a5c,0,180
17b0d94172,0,61
a17c62e764,0,92
6057307f6e,0,180
4804ee2767,0,97
7559b4b0ec,0,91
b70d231781,0,92
2a6d9099d1,0,180
98c7c00a19,175,96
7e1922575c,0,96
2fc9520b53,0,180
79bf95e624,0,91
96dfc49961,0,180
7550949b1d,0,96
2bab50f9a7,0,180
cad673e375,0,180
334cb835ac,0,180
ea320da917,105,96
7c78a2266d,0,180
44eaf8f51e,0,180
f2ab2b84d6,0,87
03a06cc98a,0,96
e48e8b4263,0,180
25ae395636,0,180
6aa8e50445,0,92
1a25a9170a,0,180
28c972dacd,0,144
08e1e4de15,0,180
17656bae77,0,91
3332334ac4,0,180
923137bb7f,0,61
b9f43ef41e,0,92
8200245704,0,41
75a058dbcd,0,91
9a68631d24,0,150
9efb47b595,0,96
0974a213dc,0,96
2abc8d66d2,0,96
6e36e4929a,0,96
06fbb3fa2c,0,90
3ae2deaec2,0,180
ff2ce142e8,0,96
ee4bf100f1,0,180
911ac9979b,0,150
efe5ac6901,0,91
b2ce7699e3,0,180
4f470cc3ae,0,144
7cc9258dee,20,96
16adde065e,0,96
38b00f93d7,0,92
49b16e9377,0,180
2b08f37364,0,150
bcaad44ad7,0,150
585dd0f208,0,66
bb337f9830,5,81
b372a82edf,0,150
5ff66140d6,0,180
7a8b5456ca,0,180
8d4ab94e1c,0,96
a653d5c23b,0,180
f6cd0a8016,0,144
3e2845307e,0,61
13325cfa14,5,96
5aeb95cc7d,0,92
f305a56d9f,0,46
2a3824ff31,0,91
b1fcbb3ced,0,180
c3641dfc5a,0,92
720b398b9c,0,91
2ff7f5744f,0,150
77d8aa8691,0,180
efe828affa,0,180
5bc77844da,0,180
c7ebfc5d57,0,180
6b25d6528a,0,144
b0a68228dc,0,92
11feabe596,0,150
7b733d31d8,0,180
669b572898,0,180
7c37d7991a,0,71
4a341402d0,0,180
dcf8c93617,20,96
e21acb20ab,0,180
708535b72a,0,96
081207976e,70,96
f2fdb6abec,0,180
983e66cbfc,55,96
d69967143e,140,96
3d254b0bca,0,180
21386f5978,0,92
909655b4a6,0,96
69a436750b,0,96
08e48c1a48,0,92
fb5ba7ad6e,0,96
7bb5bb25cd,0,180
994b9b47ba,0,150
b61f998772,15,96
d708e1350c,0,180
2ce660f123,0,96
dbf4a5b32b,0,180
4a4b50571c,0,144
46f5093c59,0,180
3373891cdc,0,180
f1489baff4,0,86
57243657cf,0,144
a2dc51ebe8,0,180
19a6e62b9b,0,150
78aff3ebc0,0,150
075926c651,0,87
747f1b1f2f,0,144
6ca006e283,50,96
9002761b41,0,96
68fa8300b4,0,180
7613df1f84,0,150
f23e95dbe5,0,96
e4922e3726,0,180
39befd99fb,0,144
53e32d21ea,0,96
7d11b4450f,0,81
bb87ff58bd,0,96
e26e486026,0,150
0db5c427a5,0,96
be116aab29,0,150
63ebbcf874,25,96
3eede9782c,0,180
b2a9c51e1b,0,180
75f7937438,0,180
44b1da0d87,0,92
11ce6f452e,0,91
a2c146ab0d,0,91
a37db3a2b3,0,91
d2484bff33,0,66
e8ed1a3ccf,0,180
01ed275c6e,0,96
2d01eef98e,0,180
14a6b5a139,0,180
53bf5964ce,0,180
a1bd8e5349,0,91
fe7afec086,0,180
ab56201494,0,180
463c0f4fdd,0,180
ec193e1a01,0,180
a2e6608bfa,0,180
d182c4483a,0,180
2b8b14954e,0,180
af0b54cee3,0,96
9076f4b6db,0,180
e402d1afa5,0,180
e1d26d35be,10,96
c5b9128d94,0,96
d600046f73,0,144
5c01f6171a,0,144
f7a71e7574,0,150
8c09867481,0,144
e8485a2615,115,96
6899d2dabe,0,91
99fecd4efb,0,92
02d28375aa,0,180
64453cf61d,0,180
f51c5ac84b,0,86
b0623a6232,0,91
f2dd6e3add,0,150
26ddd2ef12,0,180
3aa876887d,40,96
5e1011df9a,0,87
2376440551,0,180
8d81f6f899,0,180
3e1448b01c,0,150
ebbb90e9f9,0,91
056c200404,40,96
88d3b80af6,0,91
be3e3cffbd,0,51
bf28751739,0,150
45f8128b97,0,180
63e544a5d6,0,180
6a48e4aea8,40,96
5c6ea7dac3,0,96
97659ed431,0,180
8aad0591eb,0,180
54b98b8d5e,0,180
abeae8ce21,0,150
c9862d82dc,0,180
9498baa359,0,96
46565a75f8,0,96
f9bd1fabf5,0,96
270ed80c12,0,180
0eb403a222,80,96
b4eaea9e6b,0,150
35573455c7,0,96
acf2c4b745,35,96
9047bf3222,190,51
22472f7395,0,150
9caa49d3ff,0,180
e23cca5244,0,96
3ea4c49bbe,0,144
ef6cb5eae0,0,86
e11adcd05d,0,180
e0a938c6e7,0,91
8643de22d0,0,180
4b67aa9ef6,0,178
1b2d31306f,0,180
e5abc0e96b,0,91
1ad202e499,0,180
8f2e05e814,0,91
3c4db32d74,50,91
0fb173695b,0,96
41dab05200,0,180
68dcb40675,0,180
3c090704aa,0,96
0d97fba242,130,91
b2456267df,0,180
35d01a438a,0,180
05fdbbdd7a,70,66
a07b47f694,0,180
6f49f522ef,20,96
57246af7d1,0,91
23d80299fe,0,92
6406c72e4d,0,61
a2c996e429,200,96
2457274dbc,0,180
c937eb0b83,0,91
5f51876986,0,96
44d239b24e,0,150
4e87a639bc,0,180
a4065a7eda,0,180
fbe541dd73,0,97
9d01f08ec6,0,180
df2bc56d7c,0,180
23b3beafcc,0,156
41ff6d5e2a,15,77
26bc786d4f,0,91
90c7a87887,0,96
401888b36c,0,144
2c05209105,0,180
757a69746e,0,180
0e30020549,0,144
af3de54c7a,0,180
279214115d,0,180
a5122c6ec6,0,150
8a4a2fc105,0,96
864ffce4fe,0,180
5790ac295d,0,91
09c5bad17b,0,96
4c25dfa8ec,75,96
4f7386a1ab,0,144
36d5b1493b,0,180
2f680909e6,0,180
f2e7653f16,0,180
5b07b4229d,0,51
7551cbd537,0,150
69910460a4,0,180
4e82b1df57,0,180
e4936852bb,0,96
6ef0b44654,0,96
1032e80b37,150,96
369dde050a,15,96
75fa586876,0,92
14fd28ae99,0,180
0d3aad05d2,0,144
ce5641b195,0,180
faff0e15f1,0,180
d7b34e5d73,0,91
0a23765d15,45,91
119cf20728,0,180
cfda2dcce5,0,150
8dda6bf10f,0,96
a3f2878017,0,180
0b6f9105fc,0,180
0e803c7d73,0,91
5cb0cb1b2f,0,96
8859dedf41,0,96
f3085d6570,0,96
89b874547b,0,180
0e05f0e232,0,180
d7411662da,0,144
aab33f0e2a,0,180
40b8e50f82,35,91
8666521b13,0,76
b40b25055c,0,91
53e274f1b5,0,150
b1d7fe2753,0,180
aa45f1caaf,0,91
92dabbe3a0,185,96
59d53d1649,0,180
444d4e0596,0,150
d4034a7fdf,0,180
d6476cad55,0,180
e950befd5f,0,180
0358b938c1,140,91
446b8b5f7a,0,96
180abc8378,0,180
e699da0cdf,0,180
9ecec5f8ea,55,46
871015806c,0,91
6a42176f2e,0,180
0f1ac8e9a3,0,180
7082544248,185,81
2cdbf5f0a7,0,91
80c4a94706,30,96
6cc791250b,0,150
6671643f31,0,180
f6708fa398,0,87
71e06dda39,0,180
12eebedc35,0,91
57c457cc75,0,180
93e6f1fdf9,0,96
716df1aa59,0,150
b3d9ca2aee,0,180
d01a8f1f83,0,144
394638fc8b,0,96
e29e9868a8,0,180
0dbaf284f1,0,97
8883e991a9,0,86
fa08e00a56,0,180
98595f2bb4,0,91
ed7455da68,0,92
06e224798e,0,180
ef44945428,0,96
42da96b87c,0,180
225aba51d9,5,86
6693a52081,0,180
73f8441a88,0,91
fed208bfca,0,180
d44a764409,0,180
f5d85cfd17,0,92
9077e69b08,0,144
020cd28cd2,0,150
7e0cd25696,0,150
d021d68bca,0,180
5f1193e72b,0,91
b938d79dff,220,20
b5aae1fe25,0,91
070c918ca7,0,180
9715cc83dc,0,180
594065ddd7,0,96
2c29fabcf1,0,96
8193671178,0,180
0fe7b1a621,0,180
aa85278334,0,96
d0a83bcd9f,0,150
94125907e3,0,87
2f2d9b33be,0,150
80db581acd,0,96
258b3b33c6,0,91
a6bc36937f,0,91
081d8250cb,25,96
d82a0aa15b,0,180
df741313c9,0,96
ee6f9b01f9,0,180
7368d5c053,0,180
14dae0dc93,0,96
0d40b015f4,0,180
9d2101e9bf,0,180
1f4ec0563d,0,150
952ec313fe,0,87
7419e2ab3f,0,91
e348377191,5,91
25ad437e29,120,96
6c0949c51c,0,180
79a5778027,0,180
832b5ef379,0,97
ef0a8e8f35,0,56
ec3d4fac00,0,91
c9bf64e965,0,96
01baa5a4e1,0,150
2b659a49d7,40,66
0e04f636c4,0,150
b1f540a4bd,5,96
625b89d28a,0,91
7799df28e7,0,180
6c5123e4bc,0,96
b6a1df3764,0,180
27303333e1,95,96
28475208ca,0,96
1232b2f1d4,0,36
a5c2b2c3e1,55,96
a66e0b7ad4,0,180
97476eb38d,0,180
d38d1679e2,0,144
3fee8cbc9f,0,96
2e2bf37e6d,0,180
abb50c8697,0,92
9b4f081782,0,180
2c6e63b7de,0,150
bbd31510cf,135,96
e1f14510fa,0,180
af8826d084,0,91
cabba242c2,110,96
17f7a6d805,0,150
68ea4a8c3d,0,180
770a441457,0,96
4634736113,0,180
324e35111a,0,150
b274456ce1,0,180
9c166c86ff,0,96
bc141b9ad5,0,91
0f6b69b2f4,0,180
839bc71489,0,180
92e3159361,0,180
ce4f0a266f,0,180
b5943b18ab,0,180
9c7feca6e4,0,144
625892cf0b,0,96
9c3ce23bd1,170,91
11ccf5e99d,0,96
4444753edd,0,76
5fba90767d,135,96
382caa3cb4,0,91
f6283e8af5,55,96
b241e95235,0,96
30318465dc,0,150
fffe5f8df6,0,180
8f62a2c633,0,180
dbfc417d28,0,180
3cc37fd487,0,91
a2bcd10a33,0,180
256bd83d5e,0,180
524b470fd0,0,180
17cd79a434,0,180
a8999af004,0,180
84044f37f3,0,180
44b4dad8c9,55,96
885673ea17,0,180
2c1a94ebfb,0,91
24b0868d92,0,180
432f9884f9,0,91
135625b53d,0,144
38924f4a7f,0,92
00917dcfc4,20,96
1f9c7d10f1,0,180
a99bdd0079,0,144
d2a58b4fa6,0,91
7b39fe7371,0,144
a14ef483ff,0,91
a023141022,0,56
4e3f346aa5,0,92
8f3b4a84ad,0,91
6061ddbb65,0,96
0cfe974a89,0,180
63281534dc,0,150
dac71659b8,0,144
549c56f1d4,150,96
9d04c280b8,0,91
fa04c615cf,0,150
bfab1ad8f9,0,150
721bb6f2cb,0,91
c92c8c3c75,0,96
f9681d5103,0,92
0990941758,0,180
f66981af4e,0,96
e5d6b70a9f,0,81
b70a2c0ab1,0,46
15097d5d4e,0,144
5ff8b85b53,0,180
9223dacb40,0,150
fdfce7e6fc,0,180
f8b4ac12f1,0,180
80b790703b,0,180
4feb3ac01f,0,92
bb334e5cdb,0,91
327dc4cabf,0,180
941c870569,80,101
d74875ea7c,0,96
f7783ae5f2,150,96
6bf95df2b9,0,150
968c41829e,175,91
d2ede5d862,0,91
aa6d999971,0,180
c3509e728d,0,96
598c2ad3b2,0,180
be376082d0,0,150
23b0c8a9ab,0,150
0bd37b23c1,170,96
d90e3cf281,0,91
250116161c,20,71
916942666f,15,76
8ca3f6e6c1,0,96
72552a07c9,0,91
a6d8a4228d,0,180
666b660284,0,180
240118e58a,0,178
1669502269,0,91
71d67b9e19,100,96
78613981ed,0,180
f9c68eaa64,0,180
fc918e3a40,0,150
50c6f4fe3e,0,86
1ec8b2566b,0,180
2703e52a6a,0,180
6376d49f31,0,180
b6b4738b78,0,96
d521aba02e,0,180
b26d9904de,200,96
be5d1d89a0,0,180
152aaa3a9e,0,180
3a20a7583e,0,96
34d1b37101,0,96
5252195e8a,0,91
1ef8e17def,0,91
2d900bdb8e,0,180
5b27d19f0b,0,180
1aa3da3ee3,0,150
0630391881,0,150
9adf06d89b,0,150
9f30bfe61e,0,72
d3b088e593,0,87
8749369ba0,0,180
98a8b06e7f,0,91
d8e77a222d,0,91
b7f675fb98,105,46
ef8cfcfc4f,10,82
ef308ad2e9,0,180
bcd1d39afb,0,96
f54c67b9bb,0,96
6fc9b44c00,0,96
985c3be474,0,91
f233257395,0,91
46e18e42f1,0,150
e8da49ea6a,0,96
02264db755,0,180
c4272227b0,0,96
551acbffd5,0,150
ec139ff675,0,180
09049f6fe3,0,150
a49dcf9ad5,0,150
c1e8aeea45,0,180
f34497c932,0,97
b7302d8226,0,92
b4d84bc371,0,180
f7d49799ad,0,150
857a387c86,0,180
e6261d2348,0,91
d8eb07c381,0,180
8345358fb8,20,71
ad1fe56886,0,92
5e8d00b974,0,180
0b68535614,0,180
87d1f7d741,0,180
390352cced,0,180
9437c715eb,0,76
a61715bb1b,0,180
4dfdd7fab0,0,180
f8af30d4b6,0,97
72f04f1a38,0,81
a1dfdd0cac,0,180
c3dd38bf98,0,150
351c822748,0,180
852a4d6067,0,150
76962c7ed2,0,71
402316532d,0,180
54ebe34f6e,0,180
e275760245,165,96
2cbcd5ccd1,0,180
3c2784fc0d,0,144
3aa7fce8b6,0,91
a36bdc4cab,0,180
feec95b386,0,91
e4eaa63aab,0,91
692ca0e1a2,0,97
99c04108d3,0,180
ac3d3a126d,0,180
2a8c5b1342,0,96
72cac683e4,0,91
1233ac8596,0,97
9b22b54ee4,30,91
f3986fba44,0,180
5b48ae16c5,0,96
7a3c535f70,20,96
5ab49d9de0,25,96
8b3805dbd4,0,180
5bdf7c20d2,0,180
d36d16358e,0,76
898fa256c8,0,180
610e38b751,0,150
2d03593bdc,0,96
860745b042,0,150
e7c8de1fce,0,150
4810c3fbca,0,180
61da008958,0,96
33639a2847,0,180
b68fc1b217,0,180
e653883384,0,96
5c74315dc2,0,180
0a7a2514aa,0,96
79d9e00c55,0,91
edd663afa3,0,180
957f7bc48b,0,180
2c41fa0648,0,87
a29bfc29ec,0,91
a235d01ec1,0,180
8e1848197c,100,91
04fe256562,0,96
4cd9a4b1ef,0,180
1bd87fe9ab,85,66
3c5ff93faf,0,180
adabbd1cc4,0,180
a9e42e3c0c,0,150
b6bb00e366,0,180
f9ae3d98b7,0,144
e470345ede,0,180
797cd21f71,0,150
6b928b7ba6,0,96
c46deb2956,0,180
ea2545d64b,0,180
2cf114677e,0,150
0ce06e0121,0,180
652b67d960,0,180
6eb2e1cd9e,0,180
d3069da8bb,0,91
1122c1d16a,0,180
e2b608d309,0,180
c8f6cba9fd,0,150
20e3e52e0a,0,96
96fc924050,0,96
8dd3ab71b9,0,91
6a5977be3a,0,180
7de45f75e5,0,150
962f045bf5,0,91
ece6bc9e92,0,150
5cb0cfb98f,0,144
525928f46f,190,96
93901858ee,0,150
152b7d3bd7,0,150
715357be94,0,180
d49ab52a25,0,86
05e0b0f28f,0,150
28075f33c1,0,180
f2cfd94d64,0,150
c94b31b5e5,0,180
eb6ac20a01,0,92
4b3154c159,75,95
07a11a35e8,0,180
b2b2756fe7,0,96
806b6223ab,0,96
bf8d0f5ada,105,96
2dc0838721,0,180
7b18b3db87,0,180
1b96a498e5,0,150
